Reporter Name,Partner Name,Trade Flow,Indicator,1992,1993,1994,1995,1996,1997,1998,1999,2000,2001,2002,2003,2004,2005,2006,2007,2008,2009,2010,2011,2012,2013,2014,2015,2016,2017,2018,2019,2020
Kenya, World,Export,Export Partner Share (%),100,,,,,100,100,100,100,100,100,100,100,100,100,100,100,100,100,,,100,,100,100,100,100,100,100
Kenya,Afghanistan,Export,Export Partner Share (%),,,,,,,,,2.0082,2.361,1.1727,2.7371,1.3647,0.568,0.6146,0.9325,1.2509,2.2152,2.9107,,,3.3261,,2.4958,1.8485,0.5297,0.6155,0.6065,0.359
Kenya,Albania,Export,Export Partner Share (%),,,,,,,,,,0,0,0.0018,,0.0004,0,,,,0.0003,,,0.0037,,,0,0.0011,0.0011,0.0007,0.0029
Kenya,Algeria,Export,Export Partner Share (%),,,,,,0.0525,0.0098,0.0134,0.0117,0.0893,0.5041,0.0036,0.0137,0.0032,0.0019,0.0007,0.0018,0.0005,0.0009,,,0.1143,,0.0623,0.0212,0.0051,0.0066,0.0199,0.0056
Kenya,American Samoa,Export,Export Partner Share (%),,,,,,,,,,,,0.0006,0.0005,0.005,0.0069,0.0007,0.0001,0.0208,0.0019,,,0.0003,,0.0788,0.6256,0.1714,0.1932,0.4762,0.0032
Kenya,Andorra,Export,Export Partner Share (%),,,,,,,,,,0.0002,0.0003,,,0.0026,0.0034,0.0119,0.0005,,,,,,,,0.0016,,0.0006,,
Kenya,Angola,Export,Export Partner Share (%),0.0195,,,,,0.0114,0.0117,0.0271,0.0053,0.0257,0.0384,0.1543,0.0555,0.0484,0.1235,0.1056,0.0457,0.0357,0.0615,,,0.0369,,0.0176,0.0129,0.0066,0.0168,0.0115,0.0243
Kenya,Anguila,Export,Export Partner Share (%),,,,,,,,,,,,0.0006,0.0002,0,0.0004,0.0014,0.0052,0.0018,0,,,,,0.0003,,0,,0,
Kenya,Antigua and Barbuda,Export,Export Partner Share (%),,,,,,,,,,,,0.0014,0.015,0.0021,0.0002,0.0045,0.0006,0.001,0.0015,,,0.0007,,,0.0001,0.0001,,0,0
Kenya,Argentina,Export,Export Partner Share (%),,,,,,0.038,0.048,0.0433,0.0261,0.0199,0.0083,0.0132,0.0043,0.0089,0.004,0.0048,0.0028,0.002,0,,,0.0001,,0.0102,0.0002,0,0.0055,0.0005,0.0004
Kenya,Armenia,Export,Export Partner Share (%),,,,,,,,,,,,0.0039,0.0005,0.0009,0.0012,0.0008,0.001,0.0014,0.0043,,,0.0475,,0.0001,0.0004,0.0002,0.0003,0.0005,0.0007
Kenya,Aruba,Export,Export Partner Share (%),,,,,,,,,,,,,0,,,,,,,,,,,,,,,0.0001,0.0002
Kenya,Australia,Export,Export Partner Share (%),0.2983,,,,,0.3299,0.3251,0.5091,0.4618,0.6571,0.2366,0.4086,0.2541,0.2736,0.2189,0.4006,0.1353,0.1906,0.1553,,,0.5572,,0.3981,0.3812,0.3846,0.4697,0.4048,0.3668
Kenya,Austria,Export,Export Partner Share (%),0.0596,,,,,0.0727,0.0308,0.0504,0.0924,0.0827,0.0701,0.1691,0.0224,0.0237,0.0235,0.0448,0.0824,0.1097,0.131,,,0.0168,,0.0167,0.0198,0.016,0.0215,0.0149,0.0218
Kenya,Azerbaijan,Export,Export Partner Share (%),,,,,,,,,,,,0.0007,0.0024,0.0028,0.015,0.0086,0.0037,0.0037,0.0225,,,0.0016,,0.0023,0.0005,0.0123,0.0061,0.0104,0.0088
Kenya,"Bahamas, The",Export,Export Partner Share (%),,,,,,,,,,0.0001,0.0039,0.0014,0.0063,0.0061,0.0046,,0.0014,,,,,0.348,,0.0647,0.065,0.0431,,0,0.0002
Kenya,Bahrain,Export,Export Partner Share (%),0.1165,,,,,0.0147,0.0088,0.019,0.014,0.025,0.4886,0.0195,0.0885,0.036,0.0378,0.0424,0.0367,0.0267,0.0205,,,0.0208,,0.0854,0.0647,0.1641,0.0745,0.0402,0.1713
Kenya,Bangladesh,Export,Export Partner Share (%),0.0161,,,,,0.0158,0.0142,0.0354,0.0165,0.0211,0.0121,0.0148,0.0476,0.0435,0.0121,0.0099,0.0676,0.0588,0.1194,,,0.0553,,0.0197,0.0232,0.0575,0.0623,0.1343,0.0648
Kenya,Barbados,Export,Export Partner Share (%),,,,,,,,,,,,0.0011,0.0003,,,0.0007,,,0,,,0,,0,0,0.0001,0,0.0005,
Kenya,Belarus,Export,Export Partner Share (%),,,,,,,,,,,,0.0001,0.0008,,0.0001,,,,0.0006,,,0.0293,,0.0048,0.0044,0.0014,0.0002,0.0017,0.0068
Kenya,Belgium,Export,Export Partner Share (%),,,,,,,,1.3389,1.5389,1.6652,1.2383,1.2507,1.2014,1.155,0.8634,0.9453,0.8171,0.9827,1.0148,,,1.2984,,0.7813,0.9333,1.0142,1.0351,1.2353,1.0695
Kenya,Belgium-Luxembourg,Export,Export Partner Share (%),1.8533,,,,,1.6657,1.482,,,,,,,,,,,,,,,,,,,,,,
Kenya,Belize,Export,Export Partner Share (%),,,,,,,,,,,0.0007,,,,,,0.0006,0.0003,,,,,,0.0345,0.005,,,,
Kenya,Benin,Export,Export Partner Share (%),0.0002,,,,,0.0144,0.0087,0.003,0.0149,0.0244,0.0048,0.0184,0.0106,0.0095,0.0149,0.0163,0.0106,0.0097,0.0041,,,0.0119,,0.0649,0.0402,0.0108,0.0031,0.0026,0.0068
Kenya,Bermuda,Export,Export Partner Share (%),,,,,,,,,,,,0,0,0.0016,0.0059,0.0001,,0.0004,,,,,,0.0968,0.0651,0.0231,0,,
Kenya,Bhutan,Export,Export Partner Share (%),,,,,,,,,,,,0,0.002,0,,0.0002,,,,,,0.0027,,0.0527,0.0517,0.0068,0,,
Kenya,Bolivia,Export,Export Partner Share (%),,,,,,,,,,,0.0021,0.0001,0.0001,0.0001,0.0001,0.0006,,,,,,0.0002,,0.092,0.1014,0.0349,0.0028,0.0006,
Kenya,Bosnia and Herzegovina,Export,Export Partner Share (%),,,,,,,,0.024,0,0.0007,,0.0004,0.0037,0.0008,0.0002,0.0001,0,0.0003,0.0003,,,0.0001,,0.0003,0.0003,0.0006,0,0.001,0.0009
Kenya,Botswana,Export,Export Partner Share (%),,,,,,,,,0.0053,0.0069,0.0079,0.0158,0.0056,0.009,0.0113,0.0124,0.0217,0.0046,0.0102,,,0.0736,,0.0763,0.039,0.017,0.0212,0.0339,0.0359
Kenya,Bouvet Island,Export,Export Partner Share (%),,,,,,,,,,,,0.0006,,,,,,,,,,,,,,,,,
Kenya,Brazil,Export,Export Partner Share (%),0.0058,,,,,0.0173,0.0059,0.0051,0.0355,0.0151,0.0064,0.0131,0.0135,0.0215,0.0143,0.0635,0.0435,0.0235,0.0062,,,0.0035,,0.0867,0.087,0.0463,0.0142,0.0109,0.0037
Kenya,British Indian Ocean Ter.,Export,Export Partner Share (%),,,,,,,,,,,,0.0052,0.0055,0.0019,0,,0.0037,0.0082,,,,,,0.0032,,,,,
Kenya,British Virgin Islands,Export,Export Partner Share (%),,,,,,,,,,,,0.0003,0.0003,,,,,,,,,,,,,,,,
Kenya,Brunei,Export,Export Partner Share (%),,,,,,,,,,0.008,0.0002,0.0001,0.0002,0.0006,0.0011,0,0.0002,0.0002,,,,,,0.0684,0.0752,0.0433,,0.0148,0.0015
Kenya,Bulgaria,Export,Export Partner Share (%),0.0014,,,,,,,,,0.0102,0.0029,0.0469,0.0312,0.008,0.0116,0.0178,0.0034,0.0062,0.0046,,,0.0331,,0.0844,0.0879,0.0746,0.0084,0.0219,0.0034
Kenya,Bunkers,Export,Export Partner Share (%),6.9627,,,,,2.1114,0.8871,0.4304,1.4004,0.0772,1.9355,,,2.7327,3.6772,1.1838,0.8326,0.7042,0.7445,,,0.3934,,1.2687,0.2188,,0.2478,0.3439,1.973
Kenya,Burkina Faso,Export,Export Partner Share (%),0.0022,,,,,0.0217,0.0043,0.0069,0.0109,0.0095,0.0568,0.0806,0.0401,0.0103,0.0046,0.0029,0.0021,0.0033,0.0068,,,0.0042,,0.0076,0.0122,0.0063,0.0048,0.0192,0.0287
Kenya,Burundi,Export,Export Partner Share (%),0.4824,,,,,0.2306,0.2228,0.6233,0.3325,0.4894,1.1696,1.6006,1.4682,1.4371,0.8651,0.8825,1.0107,1.3327,1.3319,,,1.0919,,1.135,1.2528,1.2425,1.0756,1.1302,0.9171
Kenya,Cambodia,Export,Export Partner Share (%),,,,,,,,,,,0.0003,0,0.0001,0.0017,0.0001,0,0.0003,0.0002,0.0001,,,0.0003,,0.0066,0.0003,,0.0134,0.0004,0.0004
Kenya,Cameroon,Export,Export Partner Share (%),0.0224,,,,,0.0381,0.0895,0.0134,0.0107,0.0154,0.0135,0.0144,0.0662,0.0507,0.0166,0.0127,0.0133,0.0106,0.0192,,,0.0155,,0.0286,0.0104,0.0145,0.0137,0.0054,0.0089
Kenya,Canada,Export,Export Partner Share (%),0.5167,,,,,0.5173,0.5308,0.3801,0.3932,0.2919,0.2218,0.2432,0.2002,0.194,0.2423,0.2398,0.2158,0.2924,0.2855,,,0.2717,,0.3939,0.9911,0.6116,0.5123,0.4915,0.1941
Kenya,Cape Verde,Export,Export Partner Share (%),,,,,,,0.0001,,,,,0,0.023,0.001,0.0035,0.0028,,0.0042,,,,0,,0.0403,0.0002,0,,,0.0009
Kenya,Cayman Islands,Export,Export Partner Share (%),,,,,,,,,,,,0.0009,0.0048,,0.0015,,,,,,,0,,0.0028,,0,0,0.0004,
Kenya,Central African Republic,Export,Export Partner Share (%),0.0002,,,,,0,,0.0021,,,0.0001,,0.0005,0.0001,0.0132,0.0264,0.0186,0.019,0.0158,,,0.0152,,0.0588,0.0097,0.0073,0.01,0.0179,0.0419
Kenya,Chad,Export,Export Partner Share (%),,,,,,0.0017,0.0034,0.0001,0.006,0.0002,0.0018,0.0019,0.0039,0.0191,0.0029,0.0068,0.0166,0.036,0.007,,,0.0075,,0.0153,0.0063,0.0097,0.0167,0.1402,0.0321
Kenya,Chile,Export,Export Partner Share (%),,,,,,0.0017,0.0018,0.0087,0.0172,0.02,0.0108,0.0369,0.0147,0.0318,0.0488,0.0129,0.0413,0.0201,0.0394,,,0.0396,,0.2022,0.0614,0.1008,0.1001,0.0585,0.1137
Kenya,China,Export,Export Partner Share (%),0.1407,,,,,0.0313,0.0677,0.2351,0.2648,0.1996,0.2632,0.2988,0.3935,0.4958,0.6155,0.5357,0.5885,0.721,0.6129,,,0.8802,,1.4579,1.7405,1.6827,1.8163,2.5455,2.3079
Kenya,Cocos (Keeling) Islands,Export,Export Partner Share (%),,,,,,,,,,,,0.0012,0.0024,,,,,,,,,,,,,,,,
Kenya,Colombia,Export,Export Partner Share (%),,,,,,0.0009,0.0007,0.0042,0.0085,0.0018,0.0214,0.0389,0.133,0.017,0.061,0.0344,0.0317,0.043,0.0124,,,0.0962,,0.0794,0.0133,0.0147,0.0212,0.0176,0.01
Kenya,Comoros,Export,Export Partner Share (%),0.3123,,,,,0.1653,0.1672,0.1821,0.2165,0.1125,0.1613,0.1683,0.1685,0.1988,0.1521,0.0816,0.1135,0.1269,0.114,,,0.1843,,0.19,0.1951,0.0942,0.0725,0.0412,0.0227
Kenya,"Congo, Dem. Rep.",Export,Export Partner Share (%),0.5764,,,,,1.9568,1.5303,1.5594,1.7861,,,2.7658,3.5107,3.9339,3.0547,3.0254,2.871,3.2827,3.1215,,,3.7116,,3.558,3.4659,3.1777,2.4762,2.2625,2.2304
Kenya,"Congo, Rep.",Export,Export Partner Share (%),0.0015,,,,,0.0805,0.0575,0.0737,0.0613,2.2008,2.9021,0.3843,0.0214,,,0.0229,,0.0088,,,,0.0141,,0.0018,0.0032,0.0014,,0,0.0228
Kenya,Cook Islands,Export,Export Partner Share (%),,,,,,,,,,,,0.0002,0.0009,,0.0032,,,,,,,,,0.0386,0.0117,0.002,,,0
Kenya,Costa Rica,Export,Export Partner Share (%),,,,,,,,,,0.0065,0.0003,0.0056,0.0005,0.003,0.0083,0.0005,0,,0.0008,,,0.0012,,0.0417,0.0008,0.0001,0,0.0004,0
Kenya,Cote d'Ivoire,Export,Export Partner Share (%),0.0116,,,,,0.0157,0.0342,0.0101,0.0376,0.0283,0.0118,0.0191,0.0582,0.0189,0.0395,0.0463,0.023,0.0125,0.0162,,,0.0267,,0.0759,0.0275,0.0279,0.0442,0.0813,0.0711
Kenya,Croatia,Export,Export Partner Share (%),,,,,,0.0007,,0.0261,0.0001,,,0.0004,0.0015,0.0016,0.001,0.0053,0.0022,,0.0004,,,0.001,,0.0027,0.002,0.0181,0.0174,0.0005,0.0029
Kenya,Cuba,Export,Export Partner Share (%),,,,,,,,,,0.0084,0,0.0024,,0.008,0.0002,0.0024,,,0.0026,,,,,0.0383,0.0045,0,0,0.0002,0
Kenya,Cyprus,Export,Export Partner Share (%),0.0001,,,,,0.0169,0.0176,0.0058,0.0106,0.019,0.0084,0.0143,0.0212,0.0373,0.0265,0.0328,0.015,0.0301,0.0442,,,0.0393,,0.0643,0.0374,0.0397,0.0543,0.0272,0.0369
Kenya,Czech Republic,Export,Export Partner Share (%),,,,,,0.0243,0.0014,0.0098,0.0133,0.0074,0.0052,0.0065,0.0029,0.0047,0.0127,0.0171,0.0145,0.0123,0.005,,,0.0022,,0.0143,0.0132,0.0139,0.0145,0.0089,0.0127
Kenya,Czechoslovakia,Export,Export Partner Share (%),0.0007,,,,,,,,,,,,,,,,,,,,,,,,,,,,
Kenya,Denmark,Export,Export Partner Share (%),0.1867,,,,,0.1227,0.0955,0.1125,0.2087,0.2556,0.0874,0.1329,0.0908,0.081,0.0772,0.0845,0.0749,0.0396,0.0441,,,0.0617,,0.1681,0.1142,0.1252,0.1445,0.1806,0.1827
Kenya,Djibouti,Export,Export Partner Share (%),0.2556,,,,,0.1758,0.1241,0.1034,0.2106,0.4559,0.2201,0.2225,0.2624,0.2613,0.3371,0.8318,0.2348,0.2063,0.226,,,0.2548,,0.191,0.228,0.1312,0.1046,0.1131,0.1136
Kenya,Dominica,Export,Export Partner Share (%),,,,,,,,,,,,0,0.0005,0.0336,0.003,0.0007,0.0021,0.0046,0,,,0,,0.0527,0.0024,,,,
Kenya,Dominican Republic,Export,Export Partner Share (%),,,,,,,,,,0.0132,0.0001,0.0009,0.0104,0.0002,0,0.0005,,0.005,0.0041,,,0,,0.0207,0.0002,,0.0002,0.0009,0
Kenya,East Asia & Pacific,Export,Export Partner Share (%),3.6648,,,,,3.2049,2.6813,3.1424,3.7838,3.9494,2.054,2.7296,3.4481,3.5435,2.8538,3.4281,4.1917,3.4161,2.8454,,,3.9273,,4.5645,5.1617,6.1769,7.0327,6.6152,5.1798
Kenya,East Timor,Export,Export Partner Share (%),,,,,,,,,,,,0,,,,,,,,,,,,,,,,,
Kenya,Ecuador,Export,Export Partner Share (%),,,,,,,,,,0.0001,0.0042,0.0016,0.0688,0,0,0.0001,0,0.0003,0.0127,,,0.009,,0.0431,0.0047,0.0031,0.0021,0.0027,0.0046
Kenya,"Egypt, Arab Rep.",Export,Export Partner Share (%),3.0076,,,,,2.6751,4.9158,5.8179,5.9342,5.8846,1.8278,3.058,3.1387,3.4231,3.9156,3.317,4.4937,3.4454,4.4208,,,3.5635,,3.4707,3.5668,3.1988,3.2834,3.1804,2.9613
Kenya,El Salvador,Export,Export Partner Share (%),,,,,,,,,,0.0009,0.0009,0.0144,0.0102,0.0012,0.0003,0.0004,0.0006,,0,,,0.0038,,0.0001,0,0.0001,0.0003,0.0001,0.0002
Kenya,Equatorial Guinea,Export,Export Partner Share (%),,,,,,0.0075,,,0.0069,0.3453,0.0005,0.0062,0.004,0.0089,0.002,,,,,,,,,,,,,0.0001,0.0001
Kenya,Eritrea,Export,Export Partner Share (%),,,,,,0.0471,0.1939,0.1755,0.3341,0.3935,0.1997,0.2476,0.0937,0.3998,0.2272,0.1078,0.0754,0.1633,0.0946,,,0.0582,,0.0774,0.0204,0.0296,0.0211,0.0236,0.0114
Kenya,Estonia,Export,Export Partner Share (%),,,,,,,,,,,,0.0002,0.0003,,0.0002,0.0015,0.0003,0.0071,,,,0.0029,,0.0343,0.0019,0,0.0091,0.0001,0.0001
Kenya,Eswatini,Export,Export Partner Share (%),,,,,,,,,0.0014,0.0057,0.0018,0.0027,0.0017,0.0037,0.0033,0.0013,0.0005,0.0008,0.0028,,,0.0022,,0.0179,0.0042,0.0095,0.0363,0.0056,0.0093
Kenya,Ethiopia(excludes Eritrea),Export,Export Partner Share (%),,,,,,1.8103,1.2655,1.1693,1.3455,1.6929,0.8414,1.4103,0.969,0.9817,1.4536,1.2504,1.2781,1.252,1.07,,,0.8816,,1.2313,1.393,1.1752,1.0346,1.0933,1.2286
Kenya,Ethiopia(includes Eritrea),Export,Export Partner Share (%),0.8327,,,,,,,,,,,,,,,,,,,,,,,,,,,,
Kenya,Europe & Central Asia,Export,Export Partner Share (%),35.2248,,,,,34.4685,31.2555,34.9963,35.2045,38.0732,30.3212,31.3938,29.5449,26.4945,29.3432,29.5263,28.9648,29.0731,26.6889,,,29.1117,,25.1607,24.5335,24.8164,24.9847,25.4391,26.8639
Kenya,Faeroe Islands,Export,Export Partner Share (%),,,,,,,,,,,,,,0.0002,,,,,,,,,,0.0088,,,,,
Kenya,Falkland Island,Export,Export Partner Share (%),,,,,,,,,,,,0,0.0005,0.0015,,,,,,,,,,0.0022,,,0.0093,,
Kenya,Fiji,Export,Export Partner Share (%),,,,,,,,,,0,0.0021,,,0.0023,0.0043,0.0039,0.0039,0.0002,0.0002,,,,,0.0037,0.0035,0.0003,0.0007,0.0001,0
Kenya,Finland,Export,Export Partner Share (%),0.8135,,,,,1.0123,0.4143,0.488,0.2855,0.1112,0.2049,0.287,0.2678,0.2421,0.3515,0.3256,0.358,0.4803,0.4411,,,0.232,,0.3396,0.2443,0.1733,0.1202,0.1363,0.1536
Kenya,Fm Sudan,Export,Export Partner Share (%),0.9246,,,,,1.6279,2.2726,1.9876,1.6164,1.7071,1.684,2.3127,2.02,2.6428,4.0135,4.2214,4.0909,3.6999,4.5944,,,,,,,,,,1.29
Kenya,France,Export,Export Partner Share (%),2.0809,,,,,2.4589,1.8838,2.3046,2.0384,2.1391,1.4406,1.8418,2.1997,2.1291,1.8287,1.5491,1.4419,1.2561,1.2662,,,1.152,,1.0834,1.1533,1.3566,1.3262,1.349,1.4445
Kenya,Free Zones,Export,Export Partner Share (%),0.0147,,,,,0.6199,0.2587,0.1915,,,,,,,,0.0051,,,,,,,,,,,,,0.0358
Kenya,French Polynesia,Export,Export Partner Share (%),,,,,,,,,,,,0.0016,0.0004,0.0001,0.0001,,,,,,,,,,,,0.0017,,
Kenya,Gabon,Export,Export Partner Share (%),,,,,,0.0216,0.0051,0.0004,0.0014,0,0.0011,0.0005,0.0028,0.0029,0.0078,0.0008,0.0028,0.0114,0.0402,,,0.0042,,0.0405,0.0058,0.0038,0.0173,0.0315,0.0039
Kenya,"Gambia, The",Export,Export Partner Share (%),0.0002,,,,,0.0008,0.001,0.0062,0.0005,0.0011,0.0013,0.0036,0.0053,0.0065,0.01,0.0088,0.0066,0.0269,0.0027,,,0.0008,,0.0144,0.0009,0.0002,0.0018,0.0016,0.0016
Kenya,Georgia,Export,Export Partner Share (%),,,,,,,,,,,,0.0223,0.0238,0.0101,0.0193,0.0132,0.0076,0.0005,0.0024,,,0.0014,,0.0126,0.0038,0.0152,0.0252,0.0726,0.0083
Kenya,Germany,Export,Export Partner Share (%),5.2554,,,,,6.6839,4.7899,5.0201,4.6489,4.2742,2.5399,3.0408,2.2589,2.0405,1.859,2.1668,1.7859,2.1311,1.8825,,,1.7273,,2.1526,2.0524,1.9762,1.8208,1.8988,2.2672
Kenya,Ghana,Export,Export Partner Share (%),0.0222,,,,,0.0169,0.0141,0.0151,0.0739,0.0508,0.0279,0.1821,0.0984,0.1146,0.1436,0.1492,0.1384,0.1713,0.1649,,,0.1038,,0.0844,0.0924,0.0913,0.2053,0.1003,0.1426
Kenya,Gibraltar,Export,Export Partner Share (%),,,,,,,,,,,,0.0192,0.0001,0.0001,,0.0004,,,,,,,,,,,0.0006,0.0006,
Kenya,Greece,Export,Export Partner Share (%),0.2117,,,,,0.2675,0.2482,0.188,0.1147,0.2048,0.1537,0.1786,0.1252,0.0997,0.1029,0.0959,0.0821,0.0578,0.0323,,,0.0555,,0.0425,0.051,0.0907,0.0652,0.0656,0.0648
Kenya,Grenada,Export,Export Partner Share (%),,,,,,,,,,,,0.0001,0,0.0002,,0.0024,,0.0007,0.0006,,,,,0.026,0.0024,0,0.0012,,0
Kenya,Guam,Export,Export Partner Share (%),,,,,,,,,,,,,0.0016,0.0015,,,,,,,,,,0.0036,,,0,0.0001,
Kenya,Guatemala,Export,Export Partner Share (%),,,,,,,,,,0.0013,0.001,0.0003,0.0037,0.0012,,,0.0009,0,0.0012,,,0.0005,,0.0047,0.0003,0.0012,0.0001,0,0.0002
Kenya,Guinea,Export,Export Partner Share (%),0.0001,,,,,0.0028,0.0082,0.0141,0.0043,0.007,0.0148,0.0505,0.0438,0.0127,0.0119,0.0169,0.0308,0.0033,0.0115,,,0.0019,,0.0059,0.0001,0.0049,0.0039,0.0265,0.0089
Kenya,Guinea-Bissau,Export,Export Partner Share (%),,,,,,,0.0002,,0.0003,,0,0.0001,0.0001,0.0001,,0.0002,0.0001,,0.0001,,,0.001,,0.0058,0.0005,0.0019,0.0007,0.0005,0
Kenya,Guyana,Export,Export Partner Share (%),,,,,,,,,,,,0.004,0.0167,0.0005,,,0.0009,,0.0001,,,0,,0.0002,0.0007,0.0002,0.0027,0,
Kenya,Haiti,Export,Export Partner Share (%),,,,,,,,,,,0.0007,,0,,0,0.0009,0.0242,0.0003,0.0179,,,0,,0.0103,0.0096,0.0019,0.0001,0.0005,0.0088
Kenya,Heard Island and McDonald Isla,Export,Export Partner Share (%),,,,,,,,,,,,0.0073,0,,,,,,,,,,,,,,,,
Kenya,Holy See,Export,Export Partner Share (%),,,,,,,,,,,,,0.1809,,,,,0.0009,,,,,,,,,,,0
Kenya,Honduras,Export,Export Partner Share (%),,,,,,,,,,,0.0047,0.0345,0.0527,0.0537,0.0021,0,,0.0079,0.0012,,,0.0019,,0.0032,0.0015,0.0007,0.0031,0.0001,0.0015
Kenya,"Hong Kong, China",Export,Export Partner Share (%),0.2299,,,,,0.314,0.226,0.2465,0.5047,0.5511,0.3002,0.4073,0.6457,0.4043,0.3929,0.4011,0.3875,0.5366,0.5418,,,0.6855,,0.2841,0.2373,1.0788,1.1397,0.2789,0.1782
Kenya,Hungary,Export,Export Partner Share (%),0.005,,,,,0.0146,0.0023,0.0079,0.0071,0.0055,0.0462,0.0277,0.0051,0.0016,0.0039,0.0055,0.006,0.0149,0.0131,,,0.0024,,0.0245,0.017,0.026,0.0207,0.0749,0.013
Kenya,Iceland,Export,Export Partner Share (%),,,,,,,,,,0.0002,0.0002,0.0018,0.0168,0.0148,0.0044,0.0044,0,0.0027,0.0117,,,0.0013,,0.0096,0.0017,0.0009,0.0027,0.0026,0.0015
Kenya,India,Export,Export Partner Share (%),0.5058,,,,,1.0346,1.5783,1.5116,1.105,1.915,2.4642,1.3971,1.9032,1.5529,1.4912,2.1252,1.9635,1.4894,2.0687,,,1.9823,,1.541,2.0618,1.0068,1.4848,0.908,1.199
Kenya,Indonesia,Export,Export Partner Share (%),0.1544,,,,,0.0544,0.0694,0.1034,0.0874,0.0595,0.0655,0.1328,0.2247,0.297,0.1261,0.1529,0.1948,0.1642,0.2414,,,0.2616,,0.2278,0.1616,0.2005,0.1782,0.1821,0.1343
Kenya,"Iran, Islamic Rep.",Export,Export Partner Share (%),0.0368,,,,,0.6483,0.8685,0.3925,0.3078,0.3464,0.0094,0.0392,0.0592,0.1356,0.1854,0.0895,0.146,0.1099,0.2095,,,0.5868,,0.1982,0.304,0.2565,0.3547,0.3568,0.2537
Kenya,Iraq,Export,Export Partner Share (%),,,,,,,0,0.0046,0.0013,,,0.0034,0.0003,,,0.0295,0.2516,0.1875,0.1466,,,0.0131,,0.0021,0.011,0.0351,0.0205,0.0278,0.0333
Kenya,Ireland,Export,Export Partner Share (%),0.6292,,,,,0.5852,0.3685,0.4453,0.465,0.4208,0.2371,0.4414,0.3013,0.2326,0.3299,0.2942,0.2377,0.2784,0.2596,,,0.2481,,0.2517,0.2188,0.2267,0.2479,0.2884,0.2589
Kenya,Israel,Export,Export Partner Share (%),0.8399,,,,,0.7081,0.7472,0.7637,1.0322,1.0082,0.4083,0.7257,0.4117,0.573,0.3594,0.3991,0.4442,0.4629,0.3775,,,0.2336,,0.2493,0.1841,0.1258,0.1504,0.0994,0.0973
Kenya,Italy,Export,Export Partner Share (%),2.4952,,,,,1.9495,1.488,1.4102,1.2625,0.9279,1.2504,0.8647,0.8925,0.8899,0.7966,0.9392,0.8664,0.7007,0.7938,,,0.9502,,0.9032,0.6458,0.5737,0.6474,0.5841,0.5599
Kenya,Jamaica,Export,Export Partner Share (%),,,,,,,0.0001,0.0001,,0.0005,0.0126,0.0108,0.0219,0.0097,0.0004,0,0.0001,0.0001,,,,0.0007,,0.0092,0.0004,0.0003,0,0,0
Kenya,Japan,Export,Export Partner Share (%),1.0647,,,,,0.7746,0.8103,0.9014,1.2039,1.1071,0.6395,0.7128,0.791,0.7299,0.4992,0.474,0.6788,0.6459,0.5102,,,0.5685,,0.6978,0.7043,0.7582,0.8276,0.918,0.7472
Kenya,Jordan,Export,Export Partner Share (%),0.0855,,,,,0.0561,0.0831,0.1185,0.1438,0.089,0.0647,0.066,0.0171,0.0487,0.0477,0.0734,0.0435,0.0667,0.0398,,,0.0545,,0.1468,0.1832,0.2682,0.2365,0.2249,0.4215
Kenya,Kazakhstan,Export,Export Partner Share (%),,,,,,,,,,,,0.1095,0.325,0.4739,0.4807,0.5462,0.6326,0.6779,0.7004,,,0.9113,,0.4913,0.5238,0.5778,0.4812,0.5422,0.5902
Kenya,Kiribati,Export,Export Partner Share (%),,,,,,,,,,,,,0.0006,,,,,,,,,,,,,,,,
Kenya,"Korea, Dem. Rep.",Export,Export Partner Share (%),,,,,,,0.0069,0.0125,0.0042,0.0048,0.0013,0.003,0.0013,0.0437,0.033,0.0365,0.0018,0.0019,,,,0.0003,,0.0013,0.0068,0.0008,0.0015,0.0003,0.0004
Kenya,"Korea, Rep.",Export,Export Partner Share (%),0.206,,,,,0.2745,0.1544,0.0598,0.1309,0.031,0.0409,0.0347,0.0271,0.091,0.1618,0.1158,0.0609,0.0759,0.0431,,,0.2258,,0.2984,0.3234,0.396,0.4614,0.3949,0.3681
Kenya,Kuwait,Export,Export Partner Share (%),0.0835,,,,,0.0409,0.018,0.0153,0.0377,0.0272,0.0317,0.0295,0.0093,0.013,0.0108,0.0637,0.1012,0.0592,0.1143,,,0.1003,,0.0291,0.1703,0.0378,0.0844,0.0679,0.1282
Kenya,Kyrgyz Republic,Export,Export Partner Share (%),,,,,,,,,,,,0,0.0105,0.0002,0.0034,,,0.0016,0.0045,,,0.0035,,0.0071,0.0147,0.0104,0.0146,0.0238,0.0239
Kenya,Lao PDR,Export,Export Partner Share (%),,,,,,,,,,,,0.0032,0.0039,0.0008,0.0002,,,,,,,,,,,,,,0.0015
Kenya,Latin America & Caribbean,Export,Export Partner Share (%),0.0189,,,,,0.0602,0.082,0.0643,0.2436,0.5485,0.1543,0.352,0.4321,0.3176,0.2061,0.2283,0.2125,0.1156,0.1507,,,0.5276,,1.1882,0.5876,0.6262,0.869,0.2057,0.2616
Kenya,Latvia,Export,Export Partner Share (%),,,,,,,,,,,,0.0074,0.0307,0.0163,0.0004,0.0018,0.0024,0.0004,0.0034,,,0.0177,,0.0073,0.0353,0.0803,0.0392,0.0129,0.018
Kenya,Lebanon,Export,Export Partner Share (%),0.0252,,,,,0.0291,0.0673,0.0513,0.0592,0.0711,0.0299,0.0437,0.0407,0.0217,0.0222,0.0225,0.0181,0.0382,0.0234,,,0.0243,,0.0241,0.0192,0.027,0.0128,0.0156,0.0088
Kenya,Lesotho,Export,Export Partner Share (%),,,,,,,,,,0.0002,0.0013,0,0.0002,0,0.0047,0.0189,0.0004,0.0048,0.0002,,,0.0069,,0.0106,0.005,0.0548,0.0022,0.0019,0.0015
Kenya,Liberia,Export,Export Partner Share (%),,,,,,0.0017,,0.0013,0.0065,0.0008,0.0043,0.0159,0.034,0.0522,0.0584,0.0205,0.0116,0.011,0.0027,,,0.0034,,0.015,0.0032,0.0034,0.0056,0.0052,0.0014
Kenya,Libya,Export,Export Partner Share (%),0.0014,,,,,0.0038,0.0035,0.0004,0.0101,0.0006,0.0001,0.0005,0.0007,0.0012,0.001,0.2244,0.0095,0.0221,0.0044,,,0.0235,,0.0226,0.0219,0.008,0.005,0.0208,0.0088
Kenya,Lithuania,Export,Export Partner Share (%),,,,,,,,,,,,,0.0001,,,0.0001,0,0.0005,0.0038,,,0.0037,,0.001,0.0014,0.0116,0.0045,0.0029,0.0453
Kenya,Luxembourg,Export,Export Partner Share (%),,,,,,,,0.0177,0.0562,0.0026,0.002,0,0.0008,0.0131,0.0128,0.0004,0.002,0.0016,0,,,0.0013,,0.001,0.0009,0.0011,0.0029,0.0062,0.0108
Kenya,Macao,Export,Export Partner Share (%),,,,,,,,,,,,0.0034,0.012,0.0007,,,0.0028,0.001,0.0005,,,,,0,,0.0004,0.0013,0.0005,0
Kenya,Madagascar,Export,Export Partner Share (%),0.0753,,,,,0.1402,0.1091,0.0524,0.0839,0.017,0.5208,0.2645,0.1307,0.1602,0.2066,0.2284,0.1231,0.2045,0.0836,,,0.0634,,0.0774,0.0356,0.0554,0.0576,0.1106,0.0338
Kenya,Malawi,Export,Export Partner Share (%),0.1087,,,,,0.2936,0.2937,0.2491,0.1291,0.2906,0.2681,0.4256,0.5336,0.5612,0.7589,0.7692,1.1647,0.9118,1.0408,,,0.7139,,0.5245,0.483,0.5003,0.5258,0.6093,0.642
Kenya,Malaysia,Export,Export Partner Share (%),0.1513,,,,,0.1745,0.0873,0.069,0.3066,0.2064,0.1696,0.1803,0.2038,0.1754,0.1336,0.1019,0.1644,0.0938,0.1188,,,0.1,,0.1294,0.168,0.1593,0.1739,0.1905,0.3068
Kenya,Maldives,Export,Export Partner Share (%),,,,,,,,,,0.0019,,0.0003,0,0.0025,0.0002,0.0001,,0.0009,0.0002,,,0.0016,,0.0034,0.0008,0.0012,0.0025,0.0036,0.004
Kenya,Mali,Export,Export Partner Share (%),0.0004,,,,,0.0062,0.0179,0.0005,0.0012,0.0307,0.0048,0.0514,0.0852,0.0119,0.0241,0.0255,0.0136,0.0255,0.0052,,,0.0082,,0.0191,0.0014,0.0058,0.0071,0.0394,0.0275
Kenya,Malta,Export,Export Partner Share (%),,,,,,0.0003,0,0,0.0034,0.0141,0.0259,0.0033,0.0008,0.0072,0.0991,0.0162,0.0185,0.0364,0.0404,,,0.0032,,0.0056,0.0032,0.0019,0.0099,0.0117,0.0033
Kenya,Marshall Islands,Export,Export Partner Share (%),,,,,,,,,,,,0,,0,,,,,,,,,,,,,0.0001,0.0003,0.0002
Kenya,Mauritania,Export,Export Partner Share (%),0.0001,,,,,0.0057,0.0014,0.0045,0.0001,0.0042,0.0014,0.0027,0.0082,0.0058,0.0044,0.0045,0.0052,0.0084,0.0034,,,0.0135,,0.011,0.0125,0.0073,0.0074,0.0074,0.0156
Kenya,Mauritius,Export,Export Partner Share (%),0.4424,,,,,0.7126,0.3452,0.1578,0.1211,0.1583,0.0795,0.3928,0.2809,0.1977,0.1974,0.2323,0.2408,0.3344,0.3615,,,0.2001,,0.1864,0.169,0.1871,0.1977,0.2127,0.1794
Kenya,Mayotte,Export,Export Partner Share (%),,,,,,,,,,,,0.0887,0.0478,0.0001,0.0069,,,,,,,,,,,,,,
Kenya,Mexico,Export,Export Partner Share (%),0.0124,,,,,0.0023,0.0241,0.0026,0.1561,0.1968,0.0204,0.1027,0.0155,0.0247,0.0365,0.0645,0.0343,0.0007,0.0144,,,0.0169,,0.0187,0.2256,0.3513,0.1915,0.1039,0.1043
Kenya,"Micronesia, Fed. Sts.",Export,Export Partner Share (%),,,,,,,,,,,,,,,,,0.0018,,,,,,,0.0084,,0.0007,,,
Kenya,Middle East & North Africa,Export,Export Partner Share (%),24.1625,,,,,6.2994,9.172,10.6111,11.6409,12.3809,5.5766,6.9717,6.9243,7.2479,8.254,9.4748,9.4236,9.3887,12.1686,,,11.7676,,11.6219,12.659,12.0787,13.8853,14.5094,12.4447
Kenya,Moldova,Export,Export Partner Share (%),,,,,,,,,,,,0.003,0.0025,0.0088,0.0118,0.0026,,0.0109,0.0022,,,0.0033,,0.0038,0.0001,0.0003,0.0002,0.0008,0.0004
Kenya,Mongolia,Export,Export Partner Share (%),,,,,,,,,,,,0.0004,0,0,,,,,0,,,0,,,,0.001,0.0007,0.0001,0.0012
Kenya,Montenegro,Export,Export Partner Share (%),,,,,,,,,,,,,,,,,,,,,,,,,,,,,0
Kenya,Montserrat,Export,Export Partner Share (%),,,,,,,,,,,,,0.0001,0,,0.0003,,,,,,0.0001,,,,,,,
Kenya,Morocco,Export,Export Partner Share (%),0.0212,,,,,0.0026,0.0013,0.0118,0.0095,0.0172,0.0329,0.0485,0.0322,0.0381,0.0419,0.0516,0.0349,0.0477,0.0272,,,0.057,,0.0775,0.0724,0.0412,0.0517,0.0601,0.0759
Kenya,Mozambique,Export,Export Partner Share (%),0.0227,,,,,0.0774,0.0092,0.0304,0.0661,0.064,0.2532,0.1237,0.2512,0.2258,0.167,0.248,0.2521,0.3265,0.1888,,,0.2526,,0.2225,0.408,0.2046,0.1981,0.6138,0.1406
Kenya,Myanmar,Export,Export Partner Share (%),0.0015,,,,,,,,0,0.0117,0.0007,,,,,,,,,,,0.0067,,0.0172,0.0068,0.0069,0.0041,0.0801,0.0285
Kenya,Namibia,Export,Export Partner Share (%),,,,,,,,,0.002,0.0016,0.0008,0.0116,0.009,0.0036,0.0045,0.0114,0.0309,0.0223,0.0344,,,0.0027,,0.0116,0.0022,0.0035,0.0101,0.0198,0.0327
Kenya,Nauru,Export,Export Partner Share (%),,,,,,,,,,,,0.0002,0.0002,0.0076,0.0147,0.0147,0.0142,0.0139,0.0004,,,,,,,,,,
Kenya,Nepal,Export,Export Partner Share (%),,,,,,,,,,,0,0.0029,0.0045,0.0002,0.0003,0.0004,0.0015,0.001,0.0542,,,0.0504,,0.0027,0.006,0.0001,0.0093,0.0002,0.0104
Kenya,Netherlands,Export,Export Partner Share (%),3.2576,,,,,4.9639,4.5735,5.5342,6.0798,8.9048,7.1626,7.4217,8.3088,7.1287,7.9167,7.9806,7.6012,7.6332,6.5564,,,6.8282,,7.2355,7.5238,7.3876,7.5645,8.0557,7.6028
Kenya,Netherlands Antilles,Export,Export Partner Share (%),,,,,,,,,,,,0.014,0.0055,,,,,,,,,,,,,,,,
Kenya,New Caledonia,Export,Export Partner Share (%),,,,,,,,,,,,0.0011,0,0.0001,,,,,0,,,0,,,0,,,,0
Kenya,New Zealand,Export,Export Partner Share (%),0.0551,,,,,0.0755,0.073,0.0572,0.0516,0.0415,0.0411,0.0252,0.0321,0.0489,0.0393,0.0259,0.0434,0.0393,0.0292,,,0.0403,,0.039,0.0374,0.0421,0.0471,0.0326,0.0359
Kenya,Nicaragua,Export,Export Partner Share (%),,,,,,,,,,0.1676,0.0016,0.0006,0.0006,0.0007,,0.0003,0,0.0003,0.0002,,,0,,0,,0,0,,0
Kenya,Niger,Export,Export Partner Share (%),,,,,,,0.0097,0.0008,0.0015,0.0055,0.0002,0.0082,0.0729,0.0044,0.0016,0.009,0.0023,0.0092,0.0169,,,0.0122,,0.0073,0.0051,0.0044,0.0028,0.0389,0.0153
Kenya,Nigeria,Export,Export Partner Share (%),0.2693,,,,,0.1378,0.1314,0.136,0.4975,0.5459,0.3526,0.6082,0.5694,0.6426,0.8478,0.5973,0.9186,0.5408,0.389,,,0.4829,,0.6298,0.4428,0.4459,0.3641,0.4715,0.6274
Kenya,Niue,Export,Export Partner Share (%),,,,,,,,,,,,0,,,,,,,,,,,,,,,,,0
Kenya,North America,Export,Export Partner Share (%),3.4427,,,,,3.4663,4.1074,2.667,2.6997,2.9497,1.6288,1.8469,1.9984,6.8653,8.5665,7.2425,6.2067,5.3579,5.7979,,,6.5436,,7.4996,8.5559,8.5909,8.2361,9.2051,7.8969
Kenya,North Macedonia,Export,Export Partner Share (%),,,,,,,,,,,,,,0.0013,,,,,,,,,,,,,,,0
Kenya,Northern Mariana Islands,Export,Export Partner Share (%),,,,,,,,,,,,0,,,,,,,,,,,,,,,,,
Kenya,Norway,Export,Export Partner Share (%),0.0875,,,,,0.1548,0.099,0.2019,0.2202,0.1504,0.1158,0.1671,0.1191,0.1356,0.1395,0.0926,0.1497,0.2655,0.2807,,,0.3892,,0.4045,0.4239,0.5211,0.5068,0.5486,0.5966
Kenya,Oman,Export,Export Partner Share (%),0.0247,,,,,0.0082,0.0148,0.0556,0.0469,0.0027,0.0181,0.0277,0.0282,0.0293,0.0549,0.0391,0.1058,0.0986,0.2989,,,0.1604,,0.1895,0.2011,0.2506,0.3263,0.3587,0.24
Kenya,"Other Asia, nes",Export,Export Partner Share (%),0.1375,,,,,0.3076,0.0191,0.0176,0.0137,0.0077,0.0047,0.0071,0.0133,0.01,0.0236,0.1046,0.0471,0.031,0.0215,,,0.0344,,0.4682,0.446,0.634,0.8468,0.084,0.2378
Kenya,Pakistan,Export,Export Partner Share (%),6.1827,,,,,4.4963,7.1745,7.848,8.3264,7.4036,2.4224,5.1309,5.3825,5.4434,5.7596,4.9265,4.0458,4.3982,4.4093,,,5.0515,,6.0666,6.9636,10.7818,9.6891,7.5985,8.5262
Kenya,Palau,Export,Export Partner Share (%),,,,,,,,,,,,,0.0009,,,,,,,,,,,,,,,,
Kenya,Panama,Export,Export Partner Share (%),,,,,,,,,,0.0032,,0.0001,0.0057,0.0276,0.0005,0.0003,0.0003,0.004,0.0008,,,0.0019,,0.0021,0.0004,0.0253,0.0168,0.0052,0.004
Kenya,Papua New Guinea,Export,Export Partner Share (%),,,,,,,,,,,0.0008,0.0029,0.013,0.0018,0.0001,0,,0.0001,0,,,0,,0.0058,,0.0001,,0.0008,0.0004
Kenya,Paraguay,Export,Export Partner Share (%),,,,,,,,,,,,,,0.0121,0.0122,0.0111,0.0049,,,,,,,0,0,,,0,
Kenya,Peru,Export,Export Partner Share (%),,,,,,,,,,0.0022,0.0011,0.0001,0.0003,0.0006,0.0013,0.0006,0.0026,0,0.0118,,,0.003,,0.0052,0.0005,0.0018,0.0068,0.0011,0.0079
Kenya,Philippines,Export,Export Partner Share (%),0.1086,,,,,0.0824,0.0779,0.1443,0.0803,0.0784,0.0353,0.0736,0.1838,0.1825,0.0806,0.0893,0.085,0.0588,0.076,,,0.097,,0.1699,0.219,0.0937,0.0954,0.0382,0.0735
Kenya,Pitcairn,Export,Export Partner Share (%),,,,,,,,,,,,,,,,,,,,,,,,0.0045,,,,,
Kenya,Poland,Export,Export Partner Share (%),0.0117,,,,,0.2129,0.2361,0.3075,0.4633,0.4651,0.1942,0.3148,0.283,0.2593,0.1883,0.1954,0.2528,0.2803,0.2854,,,0.3417,,0.3895,0.3121,0.3726,0.3623,0.4455,0.3705
Kenya,Portugal,Export,Export Partner Share (%),0.2847,,,,,0.2481,0.3423,0.2661,0.0864,0.2368,0.0656,0.1048,0.1172,0.0959,0.2366,0.19,0.2028,0.084,0.0962,,,0.0804,,0.0606,0.0667,0.0806,0.0823,0.1193,0.0892
Kenya,Qatar,Export,Export Partner Share (%),0.0047,,,,,0.0046,0.0056,0.0029,0.0019,0.0032,0.0004,0.0055,0.0088,0.0226,0.0291,0.0294,0.0423,0.0325,0.0402,,,0.0403,,0.1614,0.2213,0.6243,0.957,1.0425,0.5359
Kenya,Reunion,Export,Export Partner Share (%),0.2447,,,,,,,,,,,,,,,,,,,,,,,,,,,,
Kenya,Romania,Export,Export Partner Share (%),0.0013,,,,,0.0174,0.0094,0.0096,0.0006,0.0002,0.0013,0.0155,0.0003,0.0104,0.0244,0.0184,0.0325,0.0403,0.0185,,,0.0169,,0.0408,0.0541,0.0575,0.0711,0.0699,0.0769
Kenya,Russian Federation,Export,Export Partner Share (%),0.0017,,,,,0.0188,0.0561,0.0334,0.0127,0.0461,0.1303,0.4396,0.4858,0.5272,0.6262,0.7002,0.9901,1.0482,1.1018,,,1.4324,,1.388,1.2102,1.346,1.3987,1.0662,1.2493
Kenya,Rwanda,Export,Export Partner Share (%),0.9826,,,,,3.0161,2.275,2.3519,1.4805,1.0818,2.8535,3.1304,3.0504,2.8183,1.8887,2.1122,2.6074,2.7644,2.5709,,,2.565,,3.0892,3.0273,2.8822,2.911,3.8941,3.9329
Kenya,Saint Barth√©lemy,Export,Export Partner Share (%),,,,,,,,,,,,,,,,,,,,,,,,,,,,,0.0001
Kenya,Saint Helena,Export,Export Partner Share (%),,,,,,,,,,,,,,,,,,,,,,0.0011,,,,,,,
Kenya,Samoa,Export,Export Partner Share (%),,,,,,,,,,,,,,0.0003,,0.0031,,,,,,,,,,,,,
Kenya,San Marino,Export,Export Partner Share (%),,,,,,,,,,0.0013,0.004,0.0969,0.079,0.002,0.0033,0.0011,0.0005,0.0052,0.0005,,,0.0001,,,,,,0,
Kenya,Sao Tome and Principe,Export,Export Partner Share (%),0.0003,,,,,0.0005,,0.0032,0.0001,,0.0024,,,,0.0049,,,,,,,,,,,,,0,
Kenya,Saudi Arabia,Export,Export Partner Share (%),0.5353,,,,,0.3159,0.4213,0.5035,0.5678,0.481,0.2079,0.2217,0.6659,0.4339,0.2601,0.2677,0.4133,0.4103,0.4496,,,0.6638,,0.9554,1.1638,1.3205,1.6345,1.4953,1.2714
Kenya,Senegal,Export,Export Partner Share (%),0.0003,,,,,0.036,0.0179,0.0002,0.0015,0.0107,0.0413,0.029,0.0513,0.0381,0.0326,0.0586,0.0075,0.007,0.0035,,,0.033,,0.0235,0.0228,0.0215,0.0267,0.0283,0.0441
Kenya,"Serbia, FR(Serbia/Montenegro)",Export,Export Partner Share (%),0.0216,,,,,0.0038,0.001,0.0918,0.0017,,,0.0012,0.0024,0.0002,0.0009,0.0001,0.0022,0.0108,0,,,3.225,,0.0055,0.0027,0.0139,0.0027,0.0021,0.0006
Kenya,Seychelles,Export,Export Partner Share (%),0.0625,,,,,0.1969,0.1235,0.1027,0.1859,0.1438,0.1586,0.1076,0.1138,0.1088,0.1116,0.1044,0.0693,0.0721,0.067,,,0.0763,,0.0553,0.028,0.0294,0.0389,0.0348,0.0294
Kenya,Sierra Leone,Export,Export Partner Share (%),0.0005,,,,,0.0059,0.0058,0.0087,0.0051,0.0304,0.0006,0.0085,0.0146,0.0097,0.0072,0.0105,0.0232,0.0132,0.0136,,,0.0086,,0.0192,0.0084,0.0143,0.0109,0.011,0.0543
Kenya,Singapore,Export,Export Partner Share (%),0.8397,,,,,0.6686,0.478,0.3464,0.3552,0.4441,0.105,0.1026,0.0582,0.0882,0.0688,0.6272,0.7003,0.5327,0.1583,,,0.0707,,0.2417,0.0617,0.0632,0.0856,0.3286,0.1037
Kenya,Slovak Republic,Export,Export Partner Share (%),,,,,,0.0018,0.0002,0.0113,0.0004,0,0.0024,0.0049,0.0017,0.0015,0.0109,0.0032,0.0005,0.0033,0.0023,,,0.0018,,0.0118,0.0002,0.0012,0.0029,0.0011,0.0055
Kenya,Slovenia,Export,Export Partner Share (%),,,,,,0.0042,0.0012,0.0093,0.005,0.0004,0.0027,0.0036,0.0036,0.0099,0.01,0.002,0.0002,0.0011,0.0015,,,0.0005,,0.006,0.0025,0.0021,0.0022,0.0019,0.0018
Kenya,Solomon Islands,Export,Export Partner Share (%),,,,,,,,,,,,0.0003,,0.0087,0.0024,,0.0017,,,,,,,0.0051,,0.0008,0.0052,,0.0001
Kenya,Somalia,Export,Export Partner Share (%),2.2074,,,,,1.6493,1.5541,1.4533,2.1029,1.4484,3.1659,2.1093,1.5079,1.9236,3.0156,3.033,3.7337,3.2512,3.1864,,,3.0711,,2.6177,3.102,3.3093,2.4592,1.9881,1.7751
Kenya,South Africa,Export,Export Partner Share (%),0.5003,,,,,0.8979,0.8291,0.3876,0.498,0.3246,0.6306,0.633,0.7846,0.8294,0.9565,0.8544,1.0575,1.0377,0.5963,,,0.6222,,0.7467,0.7177,0.4643,0.7157,0.5559,0.543
Kenya,South Asia,Export,Export Partner Share (%),6.8037,,,,,5.7016,9.0321,9.518,11.6237,11.8632,6.14,9.4361,8.8805,7.8289,8.0615,8.1679,7.5617,8.3695,9.7784,,,10.5221,,10.2186,10.9918,12.4334,11.9179,9.281,10.2091
Kenya,South Sudan,Export,Export Partner Share (%),,,,,,,,,,,,,,,,,,,,,,,,2.937,2.8243,2.8196,2.1146,2.1063,3.5946
Kenya,Spain,Export,Export Partner Share (%),0.9186,,,,,0.7808,0.6468,0.4861,0.4256,0.5599,0.6849,0.5318,0.5874,0.4285,0.4877,0.5944,0.6264,0.437,0.4964,,,0.4227,,0.5575,0.3982,0.4987,0.725,0.7444,0.8381
Kenya,Sri Lanka,Export,Export Partner Share (%),0.0991,,,,,0.1549,0.2651,0.123,0.1675,0.1606,0.0686,0.1531,0.176,0.2183,0.1835,0.1732,0.2324,0.206,0.216,,,0.0522,,0.0366,0.0362,0.0496,0.0543,0.03,0.0456
Kenya,St. Kitts and Nevis,Export,Export Partner Share (%),,,,,,,,,,,,,0.0005,,,,,,,,,,,,,,,,
Kenya,St. Lucia,Export,Export Partner Share (%),,,,,,,,,,,,0.0001,0.0001,0.0001,0.0001,0.0001,0,,,,,,,,,,0,0.0001,
Kenya,St. Vincent and the Grenadines,Export,Export Partner Share (%),,,,,,,,,,,,,0.0137,0.0312,,,,,,,,,,,,,,,
Kenya,Sub-Saharan Africa,Export,Export Partner Share (%),16.5687,,,,,40.2448,39.0293,37.0927,33.0783,29.3644,45.5573,42.0475,42.8841,42.9605,38.4278,40.6034,42.4757,43.3951,41.4268,,,35.5532,,36.7962,35.7257,33.0623,30.751,33.0241,34.7969
Kenya,Sudan,Export,Export Partner Share (%),,,,,,,,,,,,,,,,,,,,,,1.3128,,1.0269,0.9274,1.1625,1.0118,0.9783,
Kenya,Suriname,Export,Export Partner Share (%),,,,,,,,,,,0.0396,0.0665,0.0114,0.0041,0.0009,0.0013,0.0002,0.0001,,,,,,0,,,,0.0002,
Kenya,Sweden,Export,Export Partner Share (%),0.9904,,,,,1.5842,1.2327,1.1706,0.7643,0.5748,0.4393,0.3289,0.501,0.4093,0.4383,0.5791,0.458,0.7239,0.6691,,,0.5211,,0.432,0.5304,0.4819,0.4616,0.3318,0.3514
Kenya,Switzerland,Export,Export Partner Share (%),3.4903,,,,,1.0461,0.5888,0.6494,0.7445,1.03,0.848,1.1374,0.5987,0.6512,1.2453,1.1308,0.8821,0.3055,0.418,,,0.8655,,0.8706,0.8381,0.5461,0.5746,0.4008,0.42
Kenya,Syrian Arab Republic,Export,Export Partner Share (%),0.0086,,,,,0.0202,0.0303,0.0339,0.0326,0.0292,0.0134,0.0186,0.0158,0.0219,0.028,0.0158,0.0179,0.035,0.0242,,,0.0135,,0.0145,0.0288,0.0237,0.0327,0.0207,0.0105
Kenya,Tajikistan,Export,Export Partner Share (%),,,,,,,,,,,,,,,0.0001,,,,,,,0.0002,,,0,0,0,0,0.0008
Kenya,Tanzania,Export,Export Partner Share (%),3.5816,,,,,12.1721,11.9274,9.8702,7.2924,7.1328,7.6433,7.8258,7.9642,7.7325,7.2468,8.129,8.4958,8.722,8.1292,,,7.661,,5.7936,6.0195,4.8005,4.8541,5.6468,4.8966
Kenya,Thailand,Export,Export Partner Share (%),0.4146,,,,,0.4244,0.3048,0.4577,0.3129,0.4633,0.1306,0.3068,0.4815,0.543,0.3825,0.3067,1.043,0.2553,0.2733,,,0.3397,,0.3564,0.2988,0.8417,1.1841,0.4649,0.3249
Kenya,Togo,Export,Export Partner Share (%),0.0014,,,,,0.0008,0.0024,0.0048,0.0049,0.0083,0.0011,0.0041,0.004,0.008,0.0068,0.0138,0.0063,0.0045,0.0032,,,0.006,,0.0229,0.009,0.0079,0.0201,0.0103,0.0155
Kenya,Tokelau,Export,Export Partner Share (%),,,,,,,,,,,,0.0017,0.0003,0.0002,,,,,,,,,,,,,,,0
Kenya,Tonga,Export,Export Partner Share (%),,,,,,,,,,,,,0.0002,0.0001,,,,,,,,,,,,,,,0.0009
Kenya,Trinidad and Tobago,Export,Export Partner Share (%),0.0007,,,,,,0.0014,0.0002,0.0002,0.0023,0.0081,,0.0007,0.0053,0.0032,0.019,0.0119,,0,,,0.0001,,0.0029,0,0,0.0001,0.0006,0.0001
Kenya,Tunisia,Export,Export Partner Share (%),0.0001,,,,,0.0431,0.0042,0.0119,0.0348,0.1035,0.0022,0.003,0.002,0.0019,0.0005,0.0326,0.0004,0.0352,0.0003,,,0.0015,,0.0123,0.0051,0.0454,0.0303,0.0186,0.0008
Kenya,Turkey,Export,Export Partner Share (%),0.0418,,,,,0.0978,0.1104,0.0668,0.1275,0.1579,0.0618,0.0787,0.07,0.0701,0.1655,0.2981,0.2373,0.1898,0.2059,,,0.1847,,0.1829,0.3906,0.4138,0.4062,0.2244,0.4179
Kenya,Turkmenistan,Export,Export Partner Share (%),,,,,,,,,,,,,,0.0095,,0.0001,,,,,,,,,0.0003,0,0,0.0006,0
Kenya,Turks and Caicos Isl.,Export,Export Partner Share (%),,,,,,,,,,,,0,0.0013,0.0015,,0.0003,,,,,,,,,,,,,
Kenya,Tuvalu,Export,Export Partner Share (%),,,,,,,,,,,,0.0001,,,,0,0.0003,0.0001,0.0002,,,,,,,,0.0001,,
Kenya,Uganda,Export,Export Partner Share (%),5.4859,,,,,14.2734,15.0224,16.0562,14.404,10.476,21.547,15.726,17.5352,16.5571,11.0508,12.2243,12.2919,13.4048,12.7156,,,11.8972,,11.8019,10.7537,10.4042,10.0953,10.6943,11.184
Kenya,Ukraine,Export,Export Partner Share (%),,,,,,,,,,0.0125,0.0083,0.0187,0.0348,0.0707,0.1431,0.1429,0.081,0.0741,0.0543,,,0.0749,,0.0521,0.0793,0.1134,0.0913,0.1083,0.1523
Kenya,United Arab Emirates,Export,Export Partner Share (%),18.8567,,,,,0.7847,1.1501,1.6867,2.1774,2.5978,1.1628,1.1719,1.123,1.5749,1.9764,3.1409,2.1961,3.1066,4.6013,,,4.7806,,5.0316,5.3583,4.4384,5.7117,6.4988,5.3717
Kenya,United Kingdom,Export,Export Partner Share (%),14.379,,,,,12.1248,14.0178,14.7088,15.5302,15.8057,13.3124,12.2741,10.5126,9.1914,10.8638,10.4819,11.0098,11.1599,9.8123,,,7.8751,,6.9992,6.5012,6.4889,6.5574,6.7126,7.7875
Kenya,United States,Export,Export Partner Share (%),2.9261,,,,,2.949,3.5766,2.2869,2.3065,2.6577,1.407,1.6037,1.7981,6.6696,8.3183,7.0026,5.991,5.0652,5.5125,,,6.2719,,7.0089,7.4998,7.9562,7.7237,8.7137,7.7028
Kenya,Unspecified,Export,Export Partner Share (%),0.0652,,,,,1.8444,1.9892,1.2661,0.3114,0.7858,6.627,5.0754,5.6296,1.9874,0.5611,0.0184,0.0606,0.124,0.3769,,,0.3053,,0.1377,0.1808,0.4168,0.2071,0.3135,0.1005
Kenya,Uruguay,Export,Export Partner Share (%),,,,,,,,,,0.0042,0.0001,,0.0003,0.0024,0.0022,0.0003,0.0077,,0.0078,,,0.0002,,0.0024,0.0001,0,0,0.0002,0
Kenya,Uzbekistan,Export,Export Partner Share (%),,,,,,,,,,,,0.0003,0,,0.0014,,,0.0023,0.0006,,,0.0024,,0.0106,0.0183,0.0527,0.0432,0.0411,0.0924
Kenya,Vanuatu,Export,Export Partner Share (%),,,,,,,,,,,,,0.0001,,,,,,,,,,,,,,,,
Kenya,Venezuela,Export,Export Partner Share (%),,,,,,,,,,0.0845,0.0052,0.0004,0.0045,0.0087,0.0004,0.0014,0.0001,0.0015,0.0149,,,,,0.3343,0,,0.5001,0.0001,0.0017
Kenya,Vietnam,Export,Export Partner Share (%),,,,,,0.0007,0.0005,,0.0195,0.0859,0.0213,0.0296,0.118,0.1463,0.0864,0.1528,0.097,0.0775,0.0823,,,0.0933,,0.0651,0.1104,0.2505,0.3316,0.2624,0.1941
Kenya,Wallis and Futura Isl.,Export,Export Partner Share (%),,,,,,,,,,,,0.0005,,0.0003,,,,,,,,,,,,,,,
Kenya,Western Sahara,Export,Export Partner Share (%),0.0024,,,,,0.0054,0.0042,0.0026,0,0,0.0006,,,,,,,,,,,,,,,,,,
Kenya,Yemen,Export,Export Partner Share (%),0.2592,,,,,0.7154,0.6982,1.0048,1.0041,1.1349,0.5281,1.2601,1.0052,0.6013,0.845,0.7874,0.8133,0.9609,1.1028,,,1.0577,,0.6923,0.8309,1.0751,0.7979,0.8364,0.7319
Kenya,Zambia,Export,Export Partner Share (%),0.2588,,,,,0.2047,0.1744,0.1123,0.1302,0.3301,0.7192,0.9407,1.1308,1.055,1.6076,1.8168,1.5977,1.4001,1.144,,,1.2355,,1.017,0.8946,0.6512,0.8631,0.7301,0.6927
Kenya,Zimbabwe,Export,Export Partner Share (%),0.1924,,,,,0.3448,0.2896,0.2393,0.1919,0.1422,0.1657,0.1887,0.0807,0.104,0.0486,0.0799,0.0519,0.1033,0.1811,,,0.3705,,0.2095,0.1581,0.2535,0.1871,0.1645,0.1774
